,csvr,cnls,e_grid,u_grid
0,0.17816661716591425,0.6091969788361666,0.08327999999999999,0.6200000000000001
1,0.1185099044549905,0.3431244107706716,0.08292479484448546,0.8749857141690942
